client,rang,ms,statut
1,1,4.95,200
1,2,8.87,200
1,3,16.02,200
1,4,8.60,200
1,5,7.94,200
1,6,8.26,200
1,7,7.67,200
1,8,6.94,200
1,9,10.06,200
1,10,6.35,200
1,11,6.18,200
1,12,7.41,200
1,13,6.95,200
1,14,6.71,200
1,15,10.61,200
1,16,6.25,200
1,17,5.65,200
1,18,5.32,200
1,19,5.83,200
1,20,5.09,200
2,1,5.30,200
2,2,8.55,200
2,3,15.95,200
2,4,8.61,200
2,5,7.98,200
2,6,8.25,200
2,7,7.63,200
2,8,6.98,200
2,9,10.07,200
2,10,6.28,200
2,11,6.18,200
2,12,7.41,200
2,13,6.95,200
2,14,6.73,200
2,15,10.66,200
2,16,6.16,200
2,17,5.65,200
2,18,5.31,200
2,19,5.87,200
2,20,5.01,200
3,1,5.66,200
3,2,15.65,200
3,3,8.96,200
3,4,8.56,200
3,5,9.79,200
3,6,8.77,200
3,7,6.56,200
3,8,7.48,200
3,9,9.70,200
3,10,6.02,200
3,11,6.33,200
3,12,7.95,200
3,13,6.44,200
3,14,8.30,200
3,15,8.55,200
3,16,6.23,200
3,17,5.85,200
3,18,5.22,200
3,19,6.15,200
3,20,4.25,200
4,1,6.03,200
4,2,15.65,200
4,3,8.86,200
4,4,8.66,200
4,5,13.96,200
4,6,7.78,200
4,7,6.87,200
4,8,7.56,200
4,9,8.97,200
4,10,6.18,200
4,11,7.40,200
4,12,6.92,200
4,13,6.55,200
4,14,8.62,200
4,15,8.05,200
4,16,6.20,200
4,17,5.29,200
4,18,5.80,200
4,19,5.01,200
4,20,2.45,200
5,1,6.35,200
5,2,16.38,200
5,3,8.61,200
5,4,8.67,200
5,5,6.77,200
5,6,8.17,200
5,7,7.52,200
5,8,7.10,200
5,9,10.09,200
5,10,6.12,200
5,11,6.25,200
5,12,7.42,200
5,13,6.87,200
5,14,6.74,200
5,15,10.65,200
5,16,6.16,200
5,17,5.56,200
5,18,5.31,200
5,19,5.94,200
5,20,5.15,200
6,1,6.74,200
6,2,16.32,200
6,3,8.54,200
6,4,8.63,200
6,5,6.84,200
6,6,8.12,200
6,7,7.50,200
6,8,7.13,200
6,9,10.08,200
6,10,6.09,200
6,11,6.25,200
6,12,7.51,200
6,13,6.88,200
6,14,6.64,200
6,15,10.67,200
6,16,6.15,200
6,17,5.53,200
6,18,5.31,200
6,19,6.53,200
6,20,4.55,200
7,1,7.25,200
7,2,7.61,200
7,3,8.43,200
7,4,8.62,200
7,5,8.53,200
7,6,6.87,200
7,7,8.12,200
7,8,7.45,200
7,9,7.23,200
7,10,9.95,200
7,11,6.08,200
7,12,6.27,200
7,13,7.61,200
7,14,6.78,200
7,15,6.62,200
7,16,10.71,200
7,17,6.21,200
7,18,5.90,200
7,19,5.24,200
7,20,6.17,200
8,1,7.55,200
8,2,7.54,200
8,3,8.44,200
8,4,8.67,200
8,5,8.45,200
8,6,7.93,200
8,7,8.74,200
8,8,6.60,200
8,9,7.47,200
8,10,9.66,200
8,11,5.99,200
8,12,6.35,200
8,13,7.99,200
8,14,6.41,200
8,15,8.40,200
8,16,8.41,200
8,17,6.65,200
8,18,5.41,200
8,19,5.38,200
8,20,6.02,200
9,1,7.90,200
9,2,7.43,200
9,3,8.46,200
9,4,8.70,200
9,5,8.38,200
9,6,7.98,200
9,7,8.75,200
9,8,6.55,200
9,9,7.50,200
9,10,9.61,200
9,11,5.96,200
9,12,6.37,200
9,13,8.01,200
9,14,6.41,200
9,15,8.44,200
9,16,8.34,200
9,17,6.65,200
9,18,5.38,200
9,19,5.45,200
9,20,5.90,200
10,1,8.11,200
10,2,7.36,200
10,3,8.47,200
10,4,10.11,200
10,5,6.96,200
10,6,8.02,200
10,7,8.75,200
10,8,6.58,200
10,9,7.49,200
10,10,9.55,200
10,11,5.94,200
10,12,6.40,200
10,13,8.01,200
10,14,6.37,200
10,15,8.48,200
10,16,8.29,200
10,17,6.65,200
10,18,5.35,200
10,19,5.47,200
10,20,5.84,200
11,1,8.38,200
11,2,7.31,200
11,3,8.48,200
11,4,10.14,200
11,5,6.92,200
11,6,8.06,200
11,7,8.72,200
11,8,6.63,200
11,9,7.44,200
11,10,9.53,200
11,11,5.95,200
11,12,6.36,200
11,13,8.04,200
11,14,6.46,200
11,15,8.37,200
11,16,8.26,200
11,17,6.67,200
11,18,5.32,200
11,19,5.54,200
11,20,5.73,200
12,1,10.02,200
12,2,6.90,200
12,3,8.94,200
12,4,9.39,200
12,5,7.02,200
12,6,7.61,200
12,7,8.61,200
12,8,6.69,200
12,9,7.46,200
12,10,9.41,200
12,11,6.05,200
12,12,6.26,200
12,13,8.06,200
12,14,6.83,200
12,15,8.73,200
12,16,8.21,200
12,17,5.95,200
12,18,5.27,200
12,19,5.58,200
12,20,5.69,200
13,1,10.29,200
13,2,7.07,200
13,3,8.94,200
13,4,9.21,200
13,5,7.00,200
13,6,7.62,200
13,7,8.55,200
13,8,6.75,200
13,9,7.44,200
13,10,9.36,200
13,11,6.05,200
13,12,6.27,200
13,13,8.06,200
13,14,6.82,200
13,15,8.79,200
13,16,8.19,200
13,17,5.90,200
13,18,5.27,200
13,19,5.58,200
13,20,5.61,200
14,1,10.57,200
14,2,7.28,200
14,3,8.75,200
14,4,9.12,200
14,5,7.06,200
14,6,7.64,200
14,7,8.46,200
14,8,6.78,200
14,9,7.48,200
14,10,9.29,200
14,11,6.07,200
14,12,6.24,200
14,13,8.08,200
14,14,6.82,200
14,15,8.82,200
14,16,8.14,200
14,17,5.89,200
14,18,5.24,200
14,19,6.10,200
14,20,5.29,200
15,1,10.82,200
15,2,7.49,200
15,3,8.51,200
15,4,9.18,200
15,5,7.11,200
15,6,7.91,200
15,7,8.10,200
15,8,6.80,200
15,9,7.50,200
15,10,9.21,200
15,11,6.07,200
15,12,6.29,200
15,13,8.05,200
15,14,6.80,200
15,15,8.85,200
15,16,8.12,200
15,17,6.25,200
15,18,5.31,200
15,19,5.72,200
15,20,5.19,200
16,1,11.08,200
16,2,7.66,200
16,3,8.32,200
16,4,9.18,200
16,5,7.16,200
16,6,7.98,200
16,7,7.96,200
16,8,7.34,200
16,9,7.57,200
16,10,9.04,200
16,11,6.17,200
16,12,7.34,200
16,13,6.98,200
16,14,6.54,200
16,15,8.62,200
16,16,8.07,200
16,17,6.24,200
16,18,5.29,200
16,19,5.75,200
16,20,5.11,200
17,1,11.38,200
17,2,13.84,200
17,3,9.46,200
17,4,7.03,200
17,5,7.56,200
17,6,8.67,200
17,7,6.66,200
17,8,7.46,200
17,9,9.47,200
17,10,6.02,200
17,11,6.30,200
17,12,8.06,200
17,13,6.47,200
17,14,8.33,200
17,15,8.26,200
17,16,6.66,200
17,17,5.30,200
17,18,5.55,200
17,19,5.66,200
17,20,3.50,200
18,1,11.70,200
18,2,15.93,200
18,3,8.80,200
18,4,7.85,200
18,5,8.29,200
18,6,7.74,200
18,7,6.92,200
18,8,10.00,200
18,9,6.45,200
18,10,6.21,200
18,11,7.41,200
18,12,6.89,200
18,13,6.55,200
18,14,8.67,200
18,15,8.01,200
18,16,6.13,200
18,17,5.30,200
18,18,5.79,200
18,19,5.03,200
18,20,2.37,200
19,1,11.98,200
19,2,15.98,200
19,3,8.69,200
19,4,7.90,200
19,5,8.28,200
19,6,7.70,200
19,7,6.93,200
19,8,10.06,200
19,9,6.39,200
19,10,6.20,200
19,11,7.38,200
19,12,6.92,200
19,13,6.51,200
19,14,8.85,200
19,15,7.87,200
19,16,6.09,200
19,17,5.29,200
19,18,5.81,200
19,19,5.09,200
19,20,2.27,200
20,1,12.93,200
20,2,15.89,200
20,3,8.60,200
20,4,8.07,200
20,5,8.20,200
20,6,7.58,200
20,7,7.02,200
20,8,10.15,200
20,9,6.16,200
20,10,6.18,200
20,11,7.45,200
20,12,6.91,200
20,13,6.71,200
20,14,10.67,200
20,15,6.15,200
20,16,5.62,200
20,17,5.31,200
20,18,5.89,200
20,19,5.16,200
20,20,1.65,200
